{
  "epochs": [
    1,
    2,
    3,
    4,
    5,
    6,
    7,
    8,
    9,
    10,
    11,
    12,
    13,
    14,
    15,
    16,
    17,
    18,
    19,
    20
  ],
  "train_losses": [
    1.358005418921962,
    1.3467222311681368,
    1.3285967288193878,
    1.2791415776066508,
    1.193964740242621,
    1.0940697462069064,
    1.01375948961335,
    0.9394860147225736,
    0.8874003142620177,
    0.8405954861881757,
    0.8039472261663237,
    0.7625488236496344,
    0.7310937270772979,
    0.7207008752758656,
    0.6973923329351727,
    0.6800452551055035,
    0.661319680988588,
    0.6533684624164594,
    0.6432651312463613,
    0.63161682470479
  ],
  "val_losses": [
    1.3338736089070637,
    1.3115565005938212,
    1.300118743578593,
    1.2970272525151572,
    1.3572442245483398,
    1.489082360267639,
    1.897620435555776,
    1.7452977601687114,
    2.105400652885437,
    2.493764007886251,
    2.9414234844843548,
    2.792334736188253,
    4.116070297559102,
    2.835214776992798,
    4.037450419267018,
    3.307996006011963,
    3.6824452972412107,
    3.2952560194333396,
    4.733528470993042,
    4.117548540433248
  ],
  "train_f1": [
    0.08138954123636369,
    0.08171163851172734,
    0.08218491803269379,
    0.08466925877813906,
    0.09511536670292979,
    0.1079329715758609,
    0.12131756900730165,
    0.13470253391187734,
    0.1462642722194869,
    0.15760813011669575,
    0.16820124467272118,
    0.18053759675763373,
    0.18964371561385973,
    0.1949528579761743,
    0.20157213366192153,
    0.2069527623419118,
    0.2141739126148873,
    0.21809777817840853,
    0.22381112199099287,
    0.22878880737333546
  ],
  "val_f1": [
    0.07938111783167708,
    0.07979307532495473,
    0.07951052847166055,
    0.08301425568942825,
    0.09098075597196384,
    0.10443538168399366,
    0.1269084059564972,
    0.12211214574838056,
    0.13329506460739166,
    0.14814541567591066,
    0.16050903732551752,
    0.1532916239217278,
    0.18256999041144203,
    0.1521841403926714,
    0.17918158421656316,
    0.1616593158149028,
    0.17380067335182608,
    0.16322949707694975,
    0.19022010879210227,
    0.1781561090265517
  ],
  "best_epoch": 19,
  "best_val_f1": 0.19022010879210227,
  "worst_epoch": 3,
  "worst_val_f1": 0.07951052847166055
}