{
  "model_type": "random_forest",
  "validation": {
    "precision": 0.3573535608933839,
    "recall": 0.44578460388706576,
    "f1": 0.0,
    "accuracy": 0.01053518752633797,
    "prediction_method": "top_k_with_threshold",
    "k_value": 3,
    "min_threshold": 0.1,
    "per_label": {
      "atmospheric": {
        "precision": 0.0,
        "recall": 0.0,
        "f1": 0.0,
        "support": 62
      },
      "cult": {
        "precision": 0.3756345177664975,
        "recall": 0.33867276887871856,
        "f1": 0.3561973525872443,
        "support": 437
      },
      "gothic": {
        "precision": 0.5714285714285714,
        "recall": 0.06349206349206349,
        "f1": 0.11428571428571428,
        "support": 63
      },
      "horror": {
        "precision": 0.75,
        "recall": 0.0379746835443038,
        "f1": 0.07228915662650602,
        "support": 79
      },
      "murder": {
        "precision": 0.39520958083832336,
        "recall": 0.9978401727861771,
        "f1": 0.5661764705882353,
        "support": 926
      },
      "violence": {
        "precision": 0.3374934997399896,
        "recall": 0.9558173784977909,
        "f1": 0.49884704073789393,
        "support": 679
      },
      "romantic": {
        "precision": 0.3336875664187035,
        "recall": 0.6977777777777778,
        "f1": 0.45147375988497485,
        "support": 450
      },
      "feel-good": {
        "precision": 0.0,
        "recall": 0.0,
        "f1": 0.0,
        "support": 9
      },
      "inspiring": {
        "precision": 0.0,
        "recall": 0.0,
        "f1": 0.0,
        "support": 17
      },
      "stupid": {
        "precision": 0.0,
        "recall": 0.0,
        "f1": 0.0,
        "support": 35
      },
      "action": {
        "precision": 0.8571428571428571,
        "recall": 0.10619469026548672,
        "f1": 0.1889763779527559,
        "support": 113
      },
      "cruelty": {
        "precision": 0.0,
        "recall": 0.0,
        "f1": 0.0,
        "support": 63
      },
      "dramatic": {
        "precision": 0.0,
        "recall": 0.0,
        "f1": 0.0,
        "support": 61
      },
      "revenge": {
        "precision": 0.3253012048192771,
        "recall": 0.35526315789473684,
        "f1": 0.33962264150943394,
        "support": 380
      },
      "sadist": {
        "precision": 0.0,
        "recall": 0.0,
        "f1": 0.0,
        "support": 92
      },
      "flashback": {
        "precision": 0.2742927429274293,
        "recall": 0.4955555555555556,
        "f1": 0.35312747426761676,
        "support": 450
      },
      "queer": {
        "precision": 0.0,
        "recall": 0.0,
        "f1": 0.0,
        "support": 18
      },
      "mystery": {
        "precision": 0.0,
        "recall": 0.0,
        "f1": 0.0,
        "support": 59
      },
      "suspenseful": {
        "precision": 0.0,
        "recall": 0.0,
        "f1": 0.0,
        "support": 164
      },
      "neo noir": {
        "precision": 0.4,
        "recall": 0.018691588785046728,
        "f1": 0.03571428571428571,
        "support": 107
      },
      "prank": {
        "precision": 1.0,
        "recall": 0.01818181818181818,
        "f1": 0.03571428571428571,
        "support": 55
      },
      "psychedelic": {
        "precision": 0.4838709677419355,
        "recall": 0.20270270270270271,
        "f1": 0.2857142857142857,
        "support": 296
      },
      "tragedy": {
        "precision": 0.875,
        "recall": 0.07291666666666667,
        "f1": 0.1346153846153846,
        "support": 96
      },
      "home movie": {
        "precision": 0.0,
        "recall": 0.0,
        "f1": 0.0,
        "support": 30
      },
      "good versus evil": {
        "precision": 0.48,
        "recall": 0.08633093525179857,
        "f1": 0.14634146341463414,
        "support": 139
      },
      "depressing": {
        "precision": 0.0,
        "recall": 0.0,
        "f1": 0.0,
        "support": 30
      },
      "realism": {
        "precision": 0.0,
        "recall": 0.0,
        "f1": 0.0,
        "support": 32
      },
      "boring": {
        "precision": 0.0,
        "recall": 0.0,
        "f1": 0.0,
        "support": 74
      },
      "haunting": {
        "precision": 0.0,
        "recall": 0.0,
        "f1": 0.0,
        "support": 24
      },
      "sentimental": {
        "precision": 0.0,
        "recall": 0.0,
        "f1": 0.0,
        "support": 26
      },
      "paranormal": {
        "precision": 0.3333333333333333,
        "recall": 0.022222222222222223,
        "f1": 0.041666666666666664,
        "support": 90
      },
      "historical": {
        "precision": 0.0,
        "recall": 0.0,
        "f1": 0.0,
        "support": 31
      },
      "storytelling": {
        "precision": 0.0,
        "recall": 0.0,
        "f1": 0.0,
        "support": 60
      },
      "comedy": {
        "precision": 0.3103448275862069,
        "recall": 0.030927835051546393,
        "f1": 0.05625,
        "support": 291
      },
      "fantasy": {
        "precision": 0.8181818181818182,
        "recall": 0.2755102040816326,
        "f1": 0.4122137404580153,
        "support": 98
      },
      "philosophical": {
        "precision": 0.0,
        "recall": 0.0,
        "f1": 0.0,
        "support": 29
      },
      "adult comedy": {
        "precision": 0.0,
        "recall": 0.0,
        "f1": 0.0,
        "support": 23
      },
      "cute": {
        "precision": 0.0,
        "recall": 0.0,
        "f1": 0.0,
        "support": 33
      },
      "entertaining": {
        "precision": 0.0,
        "recall": 0.0,
        "f1": 0.0,
        "support": 122
      },
      "bleak": {
        "precision": 0.0,
        "recall": 0.0,
        "f1": 0.0,
        "support": 30
      },
      "humor": {
        "precision": 0.0,
        "recall": 0.0,
        "f1": 0.0,
        "support": 136
      },
      "plot twist": {
        "precision": 0.0,
        "recall": 0.0,
        "f1": 0.0,
        "support": 23
      },
      "pornographic": {
        "precision": 0.0,
        "recall": 0.0,
        "f1": 0.0,
        "support": 24
      },
      "brainwashing": {
        "precision": 0.0,
        "recall": 0.0,
        "f1": 0.0,
        "support": 18
      },
      "insanity": {
        "precision": 0.0,
        "recall": 0.0,
        "f1": 0.0,
        "support": 97
      },
      "science fiction": {
        "precision": 0.5,
        "recall": 0.018518518518518517,
        "f1": 0.03571428571428571,
        "support": 54
      },
      "claustrophobic": {
        "precision": 1.0,
        "recall": 0.058823529411764705,
        "f1": 0.1111111111111111,
        "support": 17
      },
      "dark": {
        "precision": 0.5,
        "recall": 0.015384615384615385,
        "f1": 0.029850746268656716,
        "support": 65
      },
      "psychological": {
        "precision": 0.0,
        "recall": 0.0,
        "f1": 0.0,
        "support": 40
      },
      "melodrama": {
        "precision": 0.0,
        "recall": 0.0,
        "f1": 0.0,
        "support": 77
      },
      "absurd": {
        "precision": 0.0,
        "recall": 0.0,
        "f1": 0.0,
        "support": 44
      },
      "historical fiction": {
        "precision": 1.0,
        "recall": 0.125,
        "f1": 0.2222222222222222,
        "support": 24
      },
      "satire": {
        "precision": 0.75,
        "recall": 0.022900763358778626,
        "f1": 0.044444444444444446,
        "support": 131
      },
      "alternate history": {
        "precision": 0.0,
        "recall": 0.0,
        "f1": 0.0,
        "support": 15
      },
      "alternate reality": {
        "precision": 0.0,
        "recall": 0.0,
        "f1": 0.0,
        "support": 36
      },
      "comic": {
        "precision": 1.0,
        "recall": 0.043478260869565216,
        "f1": 0.08333333333333333,
        "support": 23
      },
      "grindhouse film": {
        "precision": 0.0,
        "recall": 0.0,