{
  "train_loss": [
    0.5019284420543246,
    0.16512219464839106,
    0.15579916697359245,
    0.1519001929547249,
    0.14860997055516098,
    0.1458108235990961,
    0.14211174050465175,
    0.1392623810003502,
    0.1356679843581887,
    0.1319672768615713,
    0.12868793394027736,
    0.1255656611738783,
    0.12271159781952097,
    0.11942058330031757,
    0.11632294910222994,
    0.11315679033396621,
    0.11097056797457865,
    0.1076312478293072,
    0.10533522977572098,
    0.10255036886894342
  ],
  "val_loss": [
    0.1702617436647415,
    0.14243440995613735,
    0.14227166831493376,
    0.14103153020143508,
    0.14031384040911993,
    0.13868805249532065,
    0.13729502042134603,
    0.13574061751365663,
    0.1346293545762698,
    0.13443248897790908,
    0.1337497952580452,
    0.13371698985497157,
    0.13361591398715972,
    0.13329372664292655,
    0.13377614110708236,
    0.13416282018025716,
    0.13462649246056874,
    0.13991513222455979,
    0.13801634967327117,
    0.13726240595181782
  ],
  "val_accuracy": [
    0.0,
    0.0025284450063211127,
    0.0,
    0.0058997050147492625,
    0.0012642225031605564,
    0.002107037505267594,
    0.004635482511588706,
    0.00337126000842815,
    0.004214075010535188,
    0.0050568900126422255,
    0.008006742520016857,
    0.011799410029498525,
    0.00969237252423093,
    0.015170670037926675,
    0.017277707543194267,
    0.022334597555836493,
    0.01643489254108723,
    0.024863042562157607,
    0.0269700800674252,
    0.020227560050568902
  ],
  "val_precision": [
    0.24399494310998734,
    0.2879617923865711,
    0.28866413822166037,
    0.29779463407782,
    0.30383480825958703,
    0.30931310577328275,
    0.32272791122348643,
    0.3256777637308611,
    0.3335440370838601,
    0.33389521000140465,
    0.34527321252984966,
    0.3499086950414384,
    0.3525776092147774,
    0.35327995504986653,
    0.36072482090181207,
    0.36557100716392754,
    0.35489535047057175,
    0.37449079926956025,
    0.3692934400899003,
    0.360795055485321
  ],
  "val_recall": [
    0.28339272965850415,
    0.3266069922116527,
    0.35806059661873635,
    0.3469107439828645,
    0.36941427155496237,
    0.3742901402898703,
    0.3919531793379928,
    0.40212904940248356,
    0.40893043503412396,
    0.41355929790811824,
    0.4192285669802071,
    0.41960639126763943,
    0.4270574849998578,
    0.42053185606588495,
    0.42527407093768266,
    0.42109094349492243,
    0.421091365854219,
    0.4204617220513768,
    0.4146788922483194,
    0.41929503276837904
  ],
  "val_f1": [
    0.22941701358370306,
    0.2683105894195826,
    0.28024052466698646,
    0.2796871132491873,
    0.291866985731984,
    0.29690279441407647,
    0.310386836943631,
    0.3161936847659157,
    0.3219835141214592,
    0.3231309858009024,
    0.33193630656476997,
    0.33448120204998083,
    0.3386635766890803,
    0.33708528118648945,
    0.3426740951075277,
    0.34419409572261117,
    0.3384709337415478,
    0.3488448416781091,
    0.3433372856016529,
    0.3414896674846067
  ],
  "learning_rates": [
    5.000000000000001e-07,
    1.0000000000000002e-06,
    1.5e-06,
    2.0000000000000003e-06,
    2.5e-06,
    3e-06,
    3.5e-06,
    4.000000000000001e-06,
    4.5e-06,
    5e-06,
    5.500000000000001e-06,
    6e-06,
    6.5000000000000004e-06,
    7e-06,
    7.500000000000001e-06,
    8.000000000000001e-06,
    8.5e-06,
    9e-06,
    9.5e-06,
    1e-05
  ],
  "total_training_time": 1137.9421916007996,
  "best_val_f1": 0.3488448416781091
}