{
  "model_type": "bilstm",
  "validation": {
    "precision": 0.4016339869281046,
    "recall": 0.17852992446252178,
    "f1": 0.24718423169750603,
    "tag_f1_scores": {
      "murder": 0.5651685393258427,
      "violence": 0.4424103737604882,
      "fantasy": 0.296875,
      "romantic": 0.27560050568900124,
      "psychedelic": 0.22371364653243847,
      "revenge": 0.21103896103896103,
      "flashback": 0.20476858345021037,
      "cult": 0.1582952815829528,
      "historical fiction": 0.14814814814814814,
      "comedy": 0.12705882352941175,
      "tragedy": 0.12612612612612611,
      "good versus evil": 0.10843373493975904,
      "entertaining": 0.08974358974358974,
      "action": 0.046875,
      "sadist": 0.037037037037037035,
      "science fiction": 0.03508771929824561,
      "neo noir": 0.034782608695652174,
      "suspenseful": 0.03314917127071823,
      "dramatic": 0.03125,
      "humor": 0.02702702702702703,
      "horror": 0.023255813953488372,
      "satire": 0.014388489208633094,
      "atmospheric": 0.0,
      "gothic": 0.0,
      "feel-good": 0.0,
      "inspiring": 0.0,
      "stupid": 0.0,
      "cruelty": 0.0,
      "queer": 0.0,
      "mystery": 0.0,
      "prank": 0.0,
      "home movie": 0.0,
      "depressing": 0.0,
      "realism": 0.0,
      "boring": 0.0,
      "haunting": 0.0,
      "sentimental": 0.0,
      "paranormal": 0.0,
      "historical": 0.0,
      "storytelling": 0.0,
      "philosophical": 0.0,
      "adult comedy": 0.0,
      "cute": 0.0,
      "bleak": 0.0,
      "plot twist": 0.0,
      "pornographic": 0.0,
      "brainwashing": 0.0,
      "insanity": 0.0,
      "claustrophobic": 0.0,
      "dark": 0.0,
      "psychological": 0.0,
      "melodrama": 0.0,
      "absurd": 0.0,
      "alternate history": 0.0,
      "alternate reality": 0.0,
      "comic": 0.0,
      "grindhouse film": 0.0,
      "thought-provoking": 0.0,
      "clever": 0.0,
      "western": 0.0,
      "blaxploitation": 0.0,
      "whimsical": 0.0,
      "intrigue": 0.0,
      "allegory": 0.0,
      "anti war": 0.0,
      "avant garde": 0.0,
      "suicidal": 0.0,
      "magical realism": 0.0
    }
  },
  "test": {
    "precision": 0.40823774765380605,
    "recall": 0.174,
    "f1": 0.24400124649423496,
    "tag_f1_scores": {
      "murder": 0.5668498168498168,
      "violence": 0.4685714285714286,
      "romantic": 0.24217118997912318,
      "psychedelic": 0.23550087873462214,
      "revenge": 0.22569027611044418,
      "flashback": 0.18317358892438765,
      "fantasy": 0.16176470588235295,
      "comedy": 0.16058394160583941,
      "cult": 0.13768115942028986,
      "good versus evil": 0.11158798283261803,
      "science fiction": 0.1095890410958904,
      "entertaining": 0.10576923076923077,
      "horror": 0.07692307692307693,
      "historical fiction": 0.07692307692307693,
      "haunting": 0.07407407407407407,
      "tragedy": 0.07142857142857142,
      "neo noir": 0.0625,
      "depressing": 0.046511627906976744,
      "action": 0.04225352112676056,
      "paranormal": 0.030303030303030304,
      "suspenseful": 0.03018867924528302,
      "sadist": 0.02531645569620253,
      "gothic": 0.02247191011235955,
      "satire": 0.022099447513812154,
      "humor": 0.021052631578947368,
      "mystery": 0.015037593984962405,
      "atmospheric": 0.0,
      "feel-good": 0.0,
      "inspiring": 0.0,
      "stupid": 0.0,
      "cruelty": 0.0,
      "dramatic": 0.0,
      "queer": 0.0,
      "prank": 0.0,
      "home movie": 0.0,
      "realism": 0.0,
      "boring": 0.0,
      "sentimental": 0.0,
      "historical": 0.0,
      "storytelling": 0.0,
      "philosophical": 0.0,
      "adult comedy": 0.0,
      "cute": 0.0,
      "bleak": 0.0,
      "plot twist": 0.0,
      "pornographic": 0.0,
      "brainwashing": 0.0,
      "insanity": 0.0,
      "claustrophobic": 0.0,
      "dark": 0.0,
      "psychological": 0.0,
      "melodrama": 0.0,
      "absurd": 0.0,
      "alternate history": 0.0,
      "alternate reality": 0.0,
      "comic": 0.0,
      "grindhouse film": 0.0,
      "thought-provoking": 0.0,
      "clever": 0.0,
      "western": 0.0,
      "blaxploitation": 0.0,
      "whimsical": 0.0,
      "intrigue": 0.0,
      "allegory": 0.0,
      "anti war": 0.0,
      "avant garde": 0.0,
      "suicidal": 0.0,
      "magical realism": 0.0
    }
  },
  "timestamp": "2025-04-01 19:52:42"
}